owner_id,owned_id,pct
N0002,N0001,100.0
N0003,N0002,60.0
N0004,N0002,40.0
N0006,N0005,100.0
N0007,N0006,100.0
N0008,N0007,100.0
N0009,N0008,100.0
N0010,N0009,100.0
N0012,N0011,70.0
N0014,N0011,30.0
N0015,N0012,50.0
N0013,N0012,50.0
N0012,N0013,20.0
N0016,N0013,80.0
N0018,N0017,100.0
N0019,N0018,60.0
N0020,N0018,40.0
N0022,N0021,100.0
N0023,N0022,30.0
N0024,N0022,25.0
N0025,N0022,45.0
N0027,N0026,49.0
N0028,N0026,51.0
N0030,N0029,50.0
N0031,N0029,50.0
N0033,N0032,100.0
N0034,N0033,40.0
N0035,N0033,60.0
N0037,N0036,100.0
N0038,N0037,100.0
N0039,N0038,100.0
N0041,N0040,70.0
N0042,N0040,30.0
N0046,N0045,100.0
N0048,N0047,100.0
N0049,N0048,40.0
N0050,N0048,15.0
N0052,N0051,60.0
N0053,N0051,40.0
N0055,N0054,80.0
N0056,N0054,20.0
N0058,N0057,20.0
N0059,N0057,20.0
N0060,N0057,20.0
N0061,N0057,20.0
N0062,N0057,20.0
N0064,N0063,50.0
N0065,N0063,50.0
N0069,N0068,100.0
N0070,N0069,100.0
N0072,N0071,100.0
N0073,N0072,100.0
N0075,N0074,100.0
N0076,N0075,100.0
N0078,N0077,100.0
N0079,N0078,100.0
N0081,N0080,100.0
N0082,N0081,100.0
N0084,N0083,100.0
N0085,N0084,100.0
N0087,N0086,100.0
N0088,N0087,100.0
N0090,N0089,100.0
N0091,N0090,100.0
N0093,N0092,100.0
N0095,N0094,100.0
N0096,N0095,100.0
N0098,N0097,66.8
N0099,N0097,33.2
N0101,N0100,100.0
N0102,N0101,100.0
N0104,N0103,100.0
N0106,N0105,100.0
N0107,N0106,59.4
N0108,N0106,1.6
N0109,N0106,39.0
N0111,N0110,100.0
N0112,N0111,100.0
N0114,N0113,65.9
N0115,N0113,34.1
N0117,N0116,100.0
N0118,N0117,74.3
N0119,N0117,3.0
N0120,N0117,22.7
N0122,N0121,100.0
N0123,N0122,100.0
N0125,N0124,100.0
N0126,N0125,100.0
N0127,N0126,48.3
N0128,N0126,51.7
N0130,N0129,100.0
N0131,N0130,78.2
N0132,N0130,21.8
N0134,N0133,65.9
N0135,N0133,34.1
N0137,N0136,100.0
N0138,N0137,100.0
N0139,N0138,59.9
N0140,N0138,23.0
N0141,N0138,17.1
N0143,N0142,100.0
N0144,N0143,100.0
N0146,N0145,100.0
N0147,N0146,100.0
N0148,N0147,100.0
N0150,N0149,65.6
N0151,N0149,21.2
N0152,N0149,13.2
N0154,N0153,100.0
N0155,N0154,48.0
N0156,N0154,52.0
N0158,N0157,100.0
N0159,N0158,100.0
N0160,N0159,45.6
N0161,N0159,49.0
N0162,N0159,5.4
N0164,N0163,100.0
N0165,N0164,100.0
