client_id,scenario
OWN-1001,clean_simple
OWN-1002,deep_layering
OWN-1003,circular
OWN-1004,listed_majority
OWN-1005,listed_aggregate
OWN-1006,listed_below_threshold
OWN-1007,listed_exact_50
OWN-1008,listed_diluted
OWN-1009,listed_chain
OWN-1010,trust_with_control
OWN-1011,trust_no_control
OWN-1012,untraced
OWN-1013,pep
OWN-1014,listed_company
OWN-1015,fragmented
OWN-1016,listed_director
OWN-1017,nominee_cluster
OWN-1018,nominee_cluster
OWN-1019,nominee_cluster
OWN-1020,nominee_cluster
OWN-1021,nominee_cluster
OWN-1022,nominee_cluster
OWN-1023,nominee_cluster
OWN-1024,nominee_cluster
OWN-1025,ordinary
OWN-1026,ordinary
OWN-1027,ordinary
OWN-1028,ordinary
OWN-1029,ordinary
OWN-1030,ordinary
OWN-1031,ordinary
OWN-1032,ordinary
OWN-1033,ordinary
OWN-1034,ordinary
OWN-1035,ordinary
OWN-1036,ordinary
OWN-1037,ordinary
OWN-1038,ordinary
OWN-1039,ordinary
OWN-1040,ordinary
OWN-1041,ordinary
OWN-1042,ordinary
OWN-1043,ordinary
OWN-1044,ordinary
